{
    "Mexico": 60.05168849069594,
    "Puerto Rico": 50.886091010816564,
    "South Korea": 87.14409260796864,
    "United States": 80.87758372027612,
    "United Kingdom": 82.53139129988,
    "Colombia": 61.16990073280054,
    "Nigeria": 54.03137734311141,
    "Canada": 86.17678610508018,
    "Spain": 57.15558740966291,
    "France": 50.36181690971586,
    "Sweden": 71.79684787326335,
    "Germany": 51.581535129548165,
    "Argentina": 50.47246300673667,
    "Indonesia": 68.65170278637771,
    "Australia": 79.99883536117396,
    "Cuba": 83.84132563394427,
    "Japan": 75.24807692307692,
    "Brazil": 40.57390274590755,
    "India": 31.647058823497794,
    "Norway": 57.52439288811795,
    "Jamaica": 58.409006595218464,
    "Barbados": 58.433142311365806,
    "Finland": 95.36363636363636,
    "Russia": 61.03446418955304,
    "Italy": 72.88333755488198,
    "Philippines": 37.32028875379787,
    "Dominican Republic": 38.412174721189594,
    "Swiss": 35.588235294117645,
    "Ireland": 65.38688327316486,
    "Israel": 133.87453874538744,
    "Thailand": 133.53312302839117,
    "Netherlands": 63.6089605734767,
    "Chile": 36.16859791425261,
    "Austria": 22.818930041111113,
    "Pakistan": 42.20134228187919,
    "Panama": 48.48051596956664,
    "Haiti": 19.192307692307693,
    "Belgium": 39.7721119133574,
    "Turkey": 42.73834196891192,
    "Kazakhstan": 40.403225806451616,
    "Ukraine": 40.746153846153845,
    "South Africa": 60.291666666666664,
    "Venezuela": 75.83489561141883,
    "Sri Lanka": 7.5,
    "Algeria": 17.5,
    "Ivory Coast": 19.522727272727273,
    "Poland": 18.666666666666668,
    "Scotland": 88.64,
    "Portugal": 22.862745098117646,
    "Ghana": 63.19814814822222,
    "Ecuador": 29.454545454545453,
    "Romania": 63.96969696969697,
    "Morocco": 69.46257668711657,
    "Solomon Islands": 48.75824175824176,
    "New Zealand": 78.15889628924833,
    "Kosovo": 92.33333333333333,
    "Albania": 47.07741935483871,
    "Iceland": 24.12,
    "Greece": 53.5,
    "Lithuania": 61.47639484978541,
    "Malta": 76.0,
    "Azerbaijan": 45.0,
    "Lebanon": 9.0,
    "China": 19.565217391304348,
    "Cameroon": 23.757575757575758,
    "Republic of Congo": 32.0,
    "Senegal": 62.0,
    "Bonaire": 8.0,
    "Denmark": 88.15772870662461,
    "Costa Rica": 16.8,
    "Czech Republic": 42.5,
    "Moldavia": 50.0,
    "Suecia": 2.0
}