{
    "Mexico": 435674.999999999,
    "Puerto Rico": 3897874.5714285485,
    "South Korea": 839371.899999954,
    "United States": 22225483.51666676,
    "United Kingdom": 6960367.41666668,
    "Colombia": 2134156.666666678,
    "Nigeria": 154691.83333332796,
    "Canada": 3412773.083333385,
    "Spain": 956955.999999986,
    "France": 455875.166666748,
    "Sweden": 441119.83333333,
    "Germany": 432665.91666665,
    "Argentina": 384297.333333293,
    "Indonesia": 22174.5,
    "Australia": 973105.83333332,
    "Cuba": 333940.0,
    "Japan": 39129.0,
    "Brazil": 548193.9999999569,
    "India": 43039.999999957,
    "Norway": 265302.5,
    "Jamaica": 141700.25,
    "Barbados": 61179.5,
    "Finland": 3147.0,
    "Russia": 113341.0,
    "Italy": 287743.416666674,
    "Philippines": 49113.499999998,
    "Dominican Republic": 165326.0,
    "Swiss": 2420.0,
    "Ireland": 108673.0,
    "Israel": 36280.0,
    "Thailand": 42330.0,
    "Netherlands": 354938.0,
    "Chili": 31213.5,
    "Austria": 5544.99999999,
    "Pakistan": 6288.0,
    "Panama": 179329.428571427,
    "Haiti": 249.5,
    "Belgium": 44067.5,
    "Turkey": 16497.0,
    "Kazakhstan": 6262.5,
    "Ukraine": 2648.5,
    "South Africa": 7958.5,
    "Venezuela": 177984.5,
    "Sri Lanka": 30.0,
    "ALGERIA": 70.0,
    "Ivory Coast": 859.0,
    "Poland": 56.0,
    "Scotland": 19944.0,
    "Portugal": 1166.000000004,
    "Ghana": 11375.66666668,
    "Ecuador": 324.0,
    "Romania": 2111.0,
    "Morocco": 56612.0,
    "Solomon Islands": 4437.0,
    "New Zealand": 82145.0,
    "Kosovo": 79499.0,
    "Albania": 7297.0,
    "Iceland": 603.0,
    "Greece": 428.0,
    "Lithuania": 28648.0,
    "Malta": 76.0,
    "Azerbaijan": 45.0,
    "Lebanon": 9.0,
    "China": 450.0,
    "Cameroon": 1568.0,
    "Republic of Congo": 64.0,
    "Senegal": 62.0,
    "Bonaire": 8.0,
    "Denmark": 83838.0,
    "Costa Rica": 84.0,
    "Czech Republic": 170.0,
    "Moldavia": 150.0,
    "Suecia": 2.0
}